회사,직무,자소서
㈜CJ ENM,공연·전시·무대·스텝,"
""Just be who you wanna be"" 몇 년 전 런던으로 여행을 떠난 적이 있습니다. 여행 중 가장 기억에 남는 것은 바로 웨스트엔드에서의  관람이었습니다. 가볍고 유쾌한 분위기였지만, 주제는 가볍지 않았기에 는 저의 ‘최애’ 뮤지컬이 되었습니다. 이후 한국에서도 를 관람했는데, 이때 프로듀싱을 CJ E&M이 했다는 것을 알게 되었습니다. 평소 ‘문화를 통해 더 행복한 세상을 만들고 싶다’는 꿈을 갖고 있던 제게 CJ E&M은 매우 매력적이었고, 저도 저 기업의 일원으로 제가 좋아하는 공연분야에서 일하고 싶다는 생각을 하게 되었습니다. 처음에는 직무 경험이 부족해 고민하기도 했지만, ‘킹키 부츠’ 넘버 중 ‘Just be who you wanna be’라는 가사가 용기를 주었습니다.  따라서 부족한 실무 경험 대신, 평소 다양한 공연들을 관람하며 직무에 필요한 능력을 쌓도록 노력하였습니다. 첫째, 여러 대외활동에서 활발한 소통으로 팀을 이끌며 리더십을 쌓았습니다. 한 영화제에서는 프로그램팀장으로서 전체 GV를 원활히 운영하기도 하였습니다. 둘째, CGV 근무를 통해 서비스정신을 길렀습니다. 공연은 무엇보다 관객을 위한 콘텐츠라고 생각합니다. 문화콘텐츠로 관객을 만족시키는 영화관에서의 경험은 공연 현장에서 긍정적인 역할을 할 것입니다. 또한 영화 원작 뮤지컬이 많이 제작되고 있으니, 제 경험이 공연 기획에도 도움이 될 것입니다. 셋째, 다양한 국제행사 경험으로 외국어 능력과 글로벌 역량을 키웠고, 태국 봉사와 프랑스 교환학생 생활로 글로벌한 감각을 길렀습니다. 뮤지컬을 수입하거나, 해외 프로듀싱을 할 때, 외국인 스태프와의 원활한 의사소통과 현지 감각은 완성도 높은 뮤지컬과 현지 프로모션의 성공을 위해 중요합니다. 이때, 제 감각과 역량이 소통에 실질적인 도움을 줄 수 있고, 글로벌 콘텐츠 시장의 선두주자로 활약 중인 CJ E&M이 한 걸음 더 뻗어나갈 수 있도록 글로벌 인재로서 보탬이 될 것입니다.                        

""잘 만든 아이콘 하나 열 이벤트 안 부럽다"" 제게 가장 인상 깊었던 뮤지컬 이벤트는 바로 2018년 의 런웨이 쇼였습니다. ‘킹키 부츠’ 하면 저는 6명의 ‘엔젤’이 가장 먼저 생각납니다. 엔젤들은 다양한 매력을 뽐내며 공연에 화려함과 볼거리를 더하지만, 그와 동시에 킹키 부츠가 전하고자 하는 메시지인 ‘Just be who you wanna be’에 가장 부합하는 인물들입니다. ‘킹키 부츠’ 공연 커튼콜에서도 엔젤들은 관객석으로 내려와 관객과 함께 노래와 춤을 즐기지만, 이들이 무대 밖으로 나와 공연장 밖을 런웨이 삼아 당당하게 워킹을 하는 모습은 관객들에게 공연에 대한 기대감을 선사하고, 이후에도 관객들이 그 공연을 계속 떠올릴 수 있게끔 했기에 이 이벤트가 가장 기억에 남습니다.  저는 행사를 홍보할 때에 주로 ‘아이콘’을 많이 사용하였습니다. 일례로, 교내 OO 동아리 회장을 맡았을 때 ‘환경의 날’ 캠페인을 진행한 적이 있습니다. 열심히 준비했지만, SNS와 포스터를 통한 홍보는 2% 부족했습니다. 그러다 문득 ‘아픈 지구 포스터’가 떠올랐습니다. 아픈 지구는 행사 주제를 함축하고 있는 아이콘이었습니다. 그래서 행사 전날 ‘아픈 지구에게 편지쓰기’이벤트를 진행하였습니다. 아픈 지구 모형에 메시지를 적은 포스트잇을 붙이는 것이었는데, 빈 공터에 지구 모형이 있으니 많은 사람들이 다가왔고, 다행히 거리낌 없이 참여하였습니다. 그들에게 캠페인을 설명하니 큰 관심을 보였고, 본 캠페인에는 전날 이벤트 참여인원의 80% 이상이 방문했습니다. 친구 여러 명을 데리고 오기도 하면서 예상보다 훨씬 많은 인원의 참여로 캠페인은 성공적으로 마무리되었습니다.   이를 통해 저는 아이콘 하나가 사람의 마음을 움직일 수 있다는 것을 깨달았습니다. 공연 마케팅에서도 마찬가지로, 공연의 메시지를 압축시킨 하나의 아이콘은 사람들로 하여금 궁금증을 가지도록, 궁극적으로는 그 공연에 접근하도록 하여 좋은 마케팅 수단이 될 수 있다고 생각합니다.                         

""돋보이진 않지만 중요해, 페이스메이커"" ‘한-아세안 프론티어 포럼’이라는 행사를 기획한 적이 있습니다. 아세안 국가의 대학생들과 한국 대학생들이 국제 이슈에 대해 토론하고 친목을 다지는 행사인데, 저를 비롯한 11명의 팀원은 참가자들의 화합을 도모할 수 있는 게임과 투어를 기획하는 역할을 맡았습니다.   팀원들은 열의가 넘쳐 있었고, 첫 게임을 준비하는 데에도 많은 아이디어가 쏟아져 나왔습니다. 하지만 쉽사리 의견이 통일되지 않아 난항을 겪었습니다. 그래서 저는 조를 나누어 분업을 하자고 제안하였습니다. 그리고 적극적으로 의견을 내기 보다는 의견을 정리하고, 부족한 부분을 보완하였습니다. 그 덕분에 순조롭게 게임을 준비할 수 있었습니다. 이후 저와 팀원들은 투어 일정을 짜야 했는데, 게임 준비에 지쳐있던 팀원들은 다른 팀원이 짠 스케줄에 얹혀가려고 하였습니다. 하지만 저는 진부한 투어는 기억에 남지 않을 것이라고 생각하였기에, 비슷한 코스를 짜되 한두 장소만큼은 각자 특색 있는 장소를 선택하면 어떨까하는 의견을 내었습니다. 이에 모든 팀원이 흔쾌히 동의하였고, 행사 도시의 토박이였던 저는 다른 팀원들이 투어 코스를 짜는 데 도움을 주었습니다. 이후 참가자 설문조사 결과 가장 기억에 남는 활동 1위가 투어, 2위가 게임이었다는 소식을 듣고 모든 팀원이 뿌듯해하였고, 몇몇은 제게 ‘페이스메이커’ 역할을 해주었다고 칭찬하기도 하였습니다.   적절한 의사소통은 좋은 페이스메이커가 됩니다. 선수들이 체력을 과도하게 소진하지 않게 하지만, 필요할 때에는 치고나갈 수 있게 도와주는 페이스메이커는 돋보이지는 않지만 선수들에게는 매우 중요합니다. 저는 평소에는 의견을 조율하지만 필요할 때에는 센스 있는 의견을 제시함으로써 다른 팀원들에게 페이스메이커가 되었습니다. 저의 이 경험은 제가 공연사업부에서 일하게 될 때, 많은 분업이 이루어지는 공연 사업에서 의견을 조율하고, 때로는 톡톡 튀는 의견을 제시하여 더욱 완성도 높은 공연을 이끌어 내는 데에 중요한 역할을 할 것입니다. 
"
㈜CJ ENM,감독·연출·PD,"
음악 하면 Mnet, 드라마 하면 tvN, 게임 하면 OGN. 현재 CJ ENM의 채널들은 모두 각자의 분야에서 가장 먼저 생각나는 대표 채널입니다. CJ ENM은 콘텐츠의 서로 다른 분야들을 각각의 채널들이 전문적으로 다루도록 하는, 방송계에서는 파격적인 전략을 시도했습니다. 그 결과 CJ ENM은 미디어 콘텐츠 전 분야에 걸쳐 트렌드를 선도하는 기업으로 자리잡았습니다. 이렇게 새로운 시도를 통해 한류 트렌드를 이끄는 기업인 CJ ENM에 입사해 끊임없는 도전과 창의력을 가지고 문화 산업을 이끄는 데 기여하고 싶다는 생각을 하게 되었습니다.  대학에 진학하고 저는 유튜브 콘텐츠에 관심을 갖게 되었고, 직접 개설한 채널 ‘OOOO'에 홍대와 신촌 일대에서 활동하는 버스킹 그룹의 공연을 촬영하고 편집하여 업로드했습니다. 좋은 구도와 안정적인 카메라워크를 위해 이른 아침에 미리 공연 장소에 나가 카메라 위치를 선정하고, 찍어 온 영상들의 포인트를 분석해 편집한 영상을 올리는 등 채널의 질을 높이는 데 공을 들였습니다. 열정의 결과로, 9개월여 만에 구독자 3만 1천 명이라는 성과를 거두었습니다. 동남아시아와 남미 등 다양한 국적의 구독자들과 댓글로 소통하면서 한국의 문화 콘텐츠에 외국에서 큰 관심을 보인다는 것을 알게 되었고, 외국에서 바라보는 한류에 대한 시각을 넓히기 위해 캐나다에 있는 OOO 대학교의 컴퓨터과학 전공으로 교환학생을 다녀왔습니다. 그 곳에서 다양한 국적의 친구들을 사귀었고, 유럽과 미국, 남미와 아시아 등의 국가에서 바라보는 한국의 모습에 대해 다양한 관점을 들을 수 있었습니다. 또, 캐나다인 친구의 한국어 스피치 대회를 함께 준비해주는 과정에서 주제 선정과 대본 구성, 발음과 속도 등을 코칭해 주었고, 그 친구는 1등 수상이라는 성과를 거두었습니다. 다양한 경험을 통해 쌓은 기획 역량과 음악 콘텐츠에 대한 관심, 그리고 글로벌한 시각을 이용해 Mnet에서 앞으로의 새로운 KPOP 문화를 선도하는 제작PD로서 활동하고 싶습니다. 

2016년 12월에 시작하여 약 3개월간 방영된 은 ‘흥 배틀’ 이라는 신선한 컨셉으로 차별화된 무대들을 보여주었습니다. 가창력을 겨루는 기존 경연 프로그램들과 달리 ‘흥 배틀’ 이라는 컨셉은 출연자들로 하여금 경연이라는 압박감에서 벗어날 수 있게 해 주었습니다. 그 결과 길지 않은 기간이었지만 폭발적인 가창력의 대표 가수인 인순이 씨의  무대나 청순하고 우아한 컨셉 위주의 활동을 했던 에이핑크 남주 씨의 <24시간이 모자라> 무대 등 이전에 볼 수 없었던 참신한 무대들을 다수 배출한 귀중한 프로그램이었다고 생각합니다. 다만, 출연자에 따라서는 ‘흥’과 ‘개그’의 경계가 모호한 경우가 있었던 점이 아쉬웠다고 생각합니다. 이미 출중한 무대 역량을 가졌음이 검증된 출연자임에도 불구하고 흥을 넘어선 개그에 집중한 무대를 준비하면서 오히려 다소 완성도가 떨어지는 모습이 보였습니다. 그러나 ‘흥’과 ‘개그’는 엄연히 다른 것으로, 해외 유명 가수들도 극찬하는 ‘떼창’ 으로 대표되는 한국인들의 적극적인 공연 참여 등의 사례에서 볼 수 있듯이 개그 요소를 넣지 않고도 충분히 흥을 돋우는 것이 가능하다고 생각합니다. 그러므로 흥을 돋우는 데 개그 요소를 활용하기보다는 현장에 있는 관객들의 적극적인 참여를 유도하는 등의 연출을 통해 무대의 완성도를 유지하면서도 흥 넘치는 무대를 만들 수 있을 것입니다.  방송 특유의 신선한 무대 기획과 출연자들의 무대 역량, 현장의 열기와 흥에서 우러난 관객들의 자발적인 참여가 어우러진다면 출연자와 시청자 모두에게 새로운 공연 경험을 제공하는 의미 있는 프로그램이 탄생할 것이라고 생각합니다. 

방탄소년단이 미국에서 거둔 큰 성공에서도 알 수 있듯이, 이제 K-POP은 세계에 소개되는 단계를 넘어 세계의 트렌드를 주도하는 단계에 이르렀습니다. 앞으로는 콘텐츠도 국내의 타겟뿐 아니라 전 세계 소비자들의 니즈를 모두 아우르는 기획을 필요로 할 것입니다. 따라서 글로벌 음악 채널로서 Mnet이 단순히 기존 K-POP 콘텐츠를 활용하는 것을 넘어서 전 세계인의 니즈를 K-POP 콘텐츠에 접목시킨다면 전 세계를 선도하는 독창적인 음악 전문 채널이 될 수 있을 것이라고 생각합니다.   최근 한국에서는 ‘소확행’, ‘호캉스’, ‘욜로’ 열풍에서 알 수 있듯이 무한 경쟁의 피로를 회복하기 위해 정신적 만족감, 즉 ‘힐링’을 추구하는 움직임이 늘어났습니다. 콘텐츠 분야에서도 화려하고 자극적인 콘텐츠보다 평화롭고 안정감을 얻고자 하는 콘텐츠에 대한 시도가 늘어나고 있습니다. 지난해 tvN에서는 자연 속에서 잔잔하게 자신의 행복에 대해 생각해보는 형식의 프로그램 이 방영되었고, 유튜브에서는 초등학생 여자아이가 꾸밈없는 모습으로 간식을 먹는 ASMR을 업로드하는  채널이 폭발적인 인기를 끌었습니다.   이렇게 잔잔한 힐링을 추구하는 트렌드는 사실 외국, 특히 상대적으로 산업화 과정을 일찍 겪은 유럽에서도 이미 존재해 왔습니다. 노르웨이에서 달리는 기차의 바깥 풍경을 아무런 설명 없이 그대로 방영한 는 노르웨이 인구 중 1/4 이상이 시청할 정도로 선풍적인 인기를 끌었고, 곧 프랑스를 비롯한 유럽 일대에 비슷한 형식의 프로그램이 퍼져 인기를 끌었다고 합니다. 즉, 한국을 비롯한 전 세계의 콘텐츠 트렌드는 화려한 자극에서 잔잔한 힐링으로 넘어가는 추세라고 볼 수 있습니다.  이러한 트렌드에 발맞추어, 제가 Mnet에 제작PD로 입사하게 된다면 K-POP 음악으로 힐링을 주는 프로그램을 제작해 보고 싶습니다. 매 회마다 시청자가 보낸 고민에 대해 K-POP 아티스트를 비롯한 방송인들로 구성된 출연자들이 관련된 경험 및 조언, 격려 등을 나누고 마무리로 아티스트가 준비해온 힐링 무대를 선보이는 방식으로 방송을 진행한다면 출연자들의 진솔한 경험과 가치관을 나누고 음악으로 힐링을 전한다는 가치를 잘 전달할 수 있을 것이라고 생각합니다. 또한, 그 동안 주로 화려한 무대에 서는 일이 많았을 K-POP 아티스트인 출연자의 입장에서는 이전에 자주 할 수 없었던 새로운 분위기의 무대를 보여주는 기회가 될 것이고, 화려한 타이틀곡에 가려져 빛을 보지 못했을 좋은 곡들을 국내외의 시청자들에게 소개할 수 있는 등의 효과를 기대할 수 있을 것입니다.   이 외에도 Mnet에 입사하여 풍부한 경험과 깊은 인사이트를 지니신 선배님들과 동료들과 함께 이전에 없었던 새롭고 다양한 프로그램을 제작하여 세계의 문화 트렌드를 선도하는 데 참여하고 싶습니다. 
"
㈜CJ ENM,영상·사진·촬영,"
어려서부터 끊임없이 도전해왔습니다. 기계가 좋아 공고로 진학했던 저는 공대를 거쳐 갖은 고민 끝에 디지털콘텐츠학과로 전과하면서 영상 제작의 길에 발을 들였습니다. 영상 후반작업, 그중에서도 합성(VFX)만을 특화 시켜 업으로 삼았던 저는 언젠가 영상 콘텐츠를 디자인하는 제작자가 되겠다고 다짐해왔습니다. 또한 혼자서는 해낼 수 없는 직무이기에 원만한 대인관계를 위해 상대방 입장에서 다시 한 번 생각하는 습관을 들였습니다. CJ오쇼핑의 콘텐츠와 커머스의 결합은 소비자들의 입장에서 생각해봐야 하는 유통업의 새로운 약진이었습니다. 이는 도전, 역지사지의 정신을 가진 제게 CJ그룹의 새로운 도전에 함께할 수 있는 기회라고 생각했습니다.  가장 중요한 제작역량을 기르기 위해 대학 재학시절 촬영기법, 디지털영상, 인터랙티브콘텐츠디자인, 게임기획, VFX제작 등의 영상관련 수업들을 폭넓게 수강하면서 기반을 다졌습니다. 이후엔 VFX분야를 더욱 심도있게 배우고자 학원을 다녔고, 해당 분야의 영상으로 졸업 전시를 마쳤습니다. 이 과정에서 니치퍼퓸 브랜드 프로모션 비디오 제작에 3D모델링, 렌더링, 합성분야로 참여하기도 하였고 '그림'을 보는 감각을 기르기 위해 현재까지 사진촬영 및 보정 등의 활동을 꾸준히 하고 있습니다. 이렇게 쌓여진 탄탄한 기본기를 바탕으로 광고포스트프로덕션 2D팀에 입사하여 오토데스크 플레임을 이용한 로토스코핑과 스킨클리닝, 애프터이펙트를 이용한 자막삽입과 이펙트제작 등의 업무를 맡았습니다. 방대한 파일 관리와 실장님을 대신해 PD, 조감독들과 연락하고 팀의 스케줄을 관리하는 것 또한 제 몫이었습니다. 이후 영화포스트프로덕션에 입사하여 누크를 이용한 영화영상의 전반적인 합성작업 및 리터치, 색보정 등의 업무를 하였습니다. 또한, 파견근무를 나가 현장에서 감독에게 CG이슈에 대해 코멘트를 해주거나 원하는 장면을 만들어 내기 위해서는 현장을 어떻게 세팅을 해야 후반에서 작업하기 좋은지 고민하기도 했습니다.  이 모든 일들은 아무리 능률이 뛰어나도 건강한 신체가 뒷받침되지 않으면 이뤄낼 수 없는 것들입니다. 또한 영상은 한 번에 나오는 것이 아니라 뜸을 들이듯 마지막까지 꾸준히 작업해야 하기에 견고한 정신력도 요구됩니다. 기복 없이 영상을 제작하기 위해서는 두 가지 ‘지구력’이 필요합니다. 저는 바쁜 와중에도 규칙적인 헬스 트레이닝을 통해 ‘신체 지구력’을 길렀습니다. 또한 한 프로젝트를 장기간 작업하는 영화업계 포스트프로덕션에서 1년여 간 근무하며 ‘마약왕’, ‘킹덤’ 등 여러 프로젝트에 참여했고, 모두 무사히 완성시키며 ‘정신 지구력’ 또한 단련했습니다.  소비자들은 항상 새로운 것을 원합니다. 콘텐츠제작자와 유통업 모두 계속해서 나아가지 않으면 도태되고 마는 공통점이 있습니다. 현재보다 더 다양한 경험을 통해 제 역량을 강화시키며 새로운 경험을 받아들이는 설렘, 그리고 과정과 결과에서 오는 성취감을 느끼고 싶습니다. 나아가 세계로 뻗어나가고 있는 CJ오쇼핑과 함께 우리만의 개성 있는 콘텐츠로 시너지효과를 일으키며 성장하고 싶습니다. 

""습관으로 얻어진 뜻밖의 대처능력"" 인과관계를 따져보고 이해하는 평소의 습관은 예상치 못한 곳에서 도움이 돼왔습니다. 회사에서 제가 맡은 직무는 직접 카메라를 다루지 않다 보니 카메라에 대한 지식이 필수가 아닌 직무였습니다. 그래도 저는 대학 재학시절 이전부터 카메라에 대해 관심을 갖고 사진촬영활동을 해왔기 때문에 카메라에 대해 잘 알고 있었습니다. 회사에서 작업했던 프로젝트중에 매치무브(카메라트래킹)를 해야 하는 컷들이 상당히 많은 영화가 있었는데, 대부분의 컷들이 트래킹이 잘 되지 않았습니다. 사내 매치무브팀도 다른 프로젝트를 맡고 있었기 때문에 문제 해결을 위한 별도의 인원을 지원 받을 수 없었습니다. 제시간에 끝내려면 어떻게든 저희 팀에서 해결해야 했습니다. 팀원들이 혼란스러워 할 때 저는 트래킹이 안 되는 원인을 현장에서부터 파악해 보기로 하였습니다. 트래킹 이슈가 있는 컷들은 아나몰픽렌즈로 촬영된 컷들이었습니다. 평소 렌즈에 관심이 많았기에 이 렌즈로 촬영한 결과물의 좌우 비율이 반으로 축소되어 나온다는 것을 알고, 있었고 렌즈 자체가 타원형으로 생겼기 때문에 이러한 비율로 찍힌다는 것에 대해서도 이해하고 있었습니다. 이 렌즈로 촬영한 결과물은 1픽셀 비율이 0.5였기에 원본의 상하를 두 배로 늘인 뒤 렌즈 왜곡을 펴고 카메라트래킹을 하자 비로소 트래킹이 정확하게 되었습니다. 엄청난 시간을 들여가며 팀 전체가 손으로 일일이 트래킹을 해야 할 뻔했던 상황에 기지를 발휘해 무마시킨 순간이었습니다. 만약 평소에 인과관계를 따져보고 이해하는 습관이 없었다면 이러한 순간적인 대처능력도 발현되기 힘들었을 것입니다. ""적응력과 소통력의 시너지효과"" 회사에서 긴급 현장 파견업무를 갈 사람을 모집했던 적이 있습니다. 보통 현장은 실외 업무가 많고 수시로 변화되는 환경 때문에 사람들이 선호하지 않았습니다. 그에 반해 저는 두 달간 2교대 공장 아르바이트도 일부러 겪어볼 정도로 다양한 환경을 경험해보는 것을 좋아했기 때문에 바로 지원하였습니다. 현장의 사람들은 평소 제가 대해왔던 사람들과는 의견 표현 방식이 상당히 달랐습니다. 하지만 저는 팀원들을 비롯한 동아리원들과의 원활한 소통이 필수적인 밴드 동아리에서 오랜 기간 활동하며 공감, 소통 능력이 자연스럽게 몸에 배어있었고 현장 사람들과 빠르게 어울릴 수 있었습니다. 또한 직접 졸업작품을 촬영하며 쌓은 현장지식은 서로 도와가며 맡은 업무를 보다 수월하게 끝낼 수 있게 도와주었고, 이는 회사와 촬영 스탭들에게 좋은 이미지를 쌓는데도 도움이 되었습니다. 이 과정에서 저는 본인의 직무역량도 중요하지만 함께 일하는 동료들과 유대를 형성하는 것이, 그리고 서로의 업무를 이해하는 일이 업무효율성에도 영향을 준다는 사실을 몸소 체험했습니다. 또, 직접적으로 직무에 필요가 없는 경험이나 지식이 언젠간 실제로 도움이 될 수 있다는 것도 알게 되었습니다. 
"
(주)우리홈쇼핑,영상·사진·촬영,"
어려서부터 끊임없이 도전해왔습니다. 기계가 좋아 공고로 진학했던 저는 공대를 거쳐 갖은 고민 끝에 디지털콘텐츠학과로 전과하면서 영상 제작의 길에 발을 들였습니다. 영상 후반작업, 그중에서도 합성(VFX)만을 특화 시켜 업으로 삼았던 저는 언젠가 더욱 넓은 분야의 역량을 갖추겠다고 다짐해왔습니다. 또한 혼자서는 해낼 수 없는 직무이기에 원만한 대인관계를 위해 상대방 입장에서 다시 한 번 생각하는 습관을 들였습니다. 홈쇼핑업계는 끊임없이 변화하고 머물러 있으면 도태되고 맙니다. 이는 도전, 역지사지의 정신을 가진 제가 롯데홈쇼핑에 함께할 수 있는 기회라고 생각했습니다. 

처음부터 영상분야에 관심을 가졌던 것은 아닙니다. 공과대학으로 입학한 신입생의 신분이었던 저는 맞지 않는 옷을 입은 느낌이었고, 대학은 취업학원과 다르지 않게 느껴졌습니다. 그렇게 저는 대학에 대한 필요성이 결여되어 휴학을 했고 제 자신에게 집중하며 진로탐색을 했습니다. 오래전부터 취미로 밴드를 해오며 느꼈던 ‘특별한 감정’이 떠올랐습니다. 공연을 하기 위해 오랜 기간 준비해 무대에서 쏟아내는 과정과 결과에서 얻을 수 있는 것, 이것이 바로 공연까지 연습을 지속할 수 있는 원동력이자 결과에서 느낄 수 있는 ‘특별한 감정’입니다. 저는 이 ‘특별한 감정’을 느낄 수 있는 직업을 갖고자 결심했습니다. 영화 아이언맨이 개봉했을 당시 화려한 영상미를 보고 느꼈던 전율은 영상이 제 손을 통해 세상에 나오는 일에서 보람을 느낄 것이라 생각하게 했고, 또 한 번의 도전 끝에 디지털콘텐츠학과로 전과를 하며 영상제작자의 길을 걷게 되었고 앞으로도 작업에 열중하며 ‘특별한 감정’을 느끼고 싶습니다.  

학창시절 밴드음악활동을 위주로 교내, 외에서 활동했습니다. 학년이 올라가면서 후배들의 악기실력을 향상시켜주기 위한 레스너를 맡았었고, 풀사운드와 어쿠스틱 버스킹 등의 공연에서 일렉기타, 어쿠스틱기타, 서브보컬 파트를 맡아 활동했습니다. 군 전역 후 동아리 예비역장이 되었습니다. 교내정식동아리가 아니었던 만큼 존속의 책임을 가지고 회장과 부회장의 업무방향성을 지시해주었습니다. 합주실이 지하에 위치해 있다 보니 여름엔 잠깐만 합주를 해도 너무 더워지곤 했습니다. 저는 동아리 예산을 책정하려 임원회의에서 적극적으로 의견을 내어 에어컨을 설치했고, 후배들은 쾌적하게 합주를 할 수 있게 되었습니다. 또, 교내에서 나름 큰 동아리임에도 불구하고 명확한 회칙이 마련되어 있지 않았습니다. 그렇다보니 매 해마다 동아리의 정체성과 방향성이 달라지기 일쑤였습니다. 그 시기에 저는 동아리원들의 의견을 수렴하고 정리하여 회칙의 큰 틀을 정했고, 이는 이후 동아리의 방향성 유지에 큰 도움이 되었습니다.  

제작역량을 기르기 위해 대학 재학시절 촬영기법, 디지털영상, VFX제작 등의 영상관련 수업들을 수강하면서 기반을 다졌습니다. 이후엔 VFX분야를 더욱 강화하고자 학원을 다녔고 졸업 전시를 마쳤습니다. 이 과정에서 니치퍼퓸 브랜드 프로모션 비디오 제작에 기획, 연출, 3D모델링, 렌더링, 합성분야로 참여하기도 하였고 '그림'을 보는 감각을 기르기 위해 현재까지 사진촬영 및 보정 활동을 꾸준히 하고 있습니다. 이런 기본기를 바탕으로 광고포스트프로덕션 2D팀에 입사하여 플레임, 애프터이펙트를 이용한 자막삽입과 이펙트제작 등의 업무를, 그리고 실장님을 대신해 PD 및 조감독들과 연락하며 팀의 스케줄 관리를 했습니다. 이후 영화포스트프로덕션에서는 누크를 이용한 합성작업 및 리터치와 색보정 등의 업무를 했고, 파견근무를 나가 현장에서 감독에게 CG이슈에 대해 코멘트를 해주거나 원하는 장면을 만들어 내기 위해서는 현장을 어떻게 세팅을 해야 후반에서 작업하기 좋은지 고민하기도 했습니다.  

방송기술 파트에서 제가 함께 일할 수 있게 된다면 기존의 것들을 존중하면서도 새로운 것을 받아들이는 일에 주저하지 않을 것입니다. 또한 혼자서 독단적으로 성장하기보단 팀원들과 함께 제가 부족한 부분은 본받고 제가 뛰어난 부분은 나누면서 함께 성장해갈 것입니다. 더불어 기복 없는 성과로 롯데홈쇼핑의 꾸준한 성장에 도움이 될 것이며 나아가 경력이 쌓여 중요 직책을 맡게 된다면 제 경험과 역량을 바탕으로 후배들을 적극적으로 양성할 것입니다. 

직접적으로 연관 있는 분야의 경력은 아니지만, 오랜 기간 동안 개인적으로 캐논 5Dmark3 카메라를 다루면서 일반적인 조작법과 좋은 영상을 위한 요소들을 충분히 숙지했습니다. 또한 영화 포스트프로덕션 합성파트에서 1년 이상 근무하면서 렌즈 미리수에 따른 결과물의 차이부터 컬러감각, CG합성을 위해선 촬영현장에서 어떻게 세팅하여야 하는지에 대해서도 연구해왔습니다. 저의 직무역량과 더불어 롯데홈쇼핑과 함께 성장해나가고 싶습니다.  
"
㈜CJ ENM,감독·연출·PD,"
""우리는 본래 같은 민족이었다"" 저와 CJ E&M의 DNA는 닮아 있습니다. CJ E&M은 지상파처럼 현상 유지에 급급하지 않고, 신서유기, 다이아 TV, 케이콘 등 새로운 문화를 만들며 항상 진화를 거듭해왔습니다. 저 또한 현재에 만족하지 않고 결핍된 것을 채우며 성장해 나아갔습니다. 하지만 단순히 닮은 DNA에 그치지 않고 CJ E&M이 미래에도 계속 진화해갈 것이라고 믿기에, CJ E&M에 입사하고 싶습니다. CJ E&M이 새로운 것에 도전하는 모습에 반했듯이, tvN 드라마도 새로움에 도전하는 것에 끌렸습니다. 하지만 식샤를 합시다, 로맨스가 필요해 시리즈처럼 tvN 드라마에는 진지함이 함께 묻어있습니다. '콘텐츠를 만들어서 사람들을 행복하게 해주자'는 강한 신념이 생겼을 때 어떤 콘텐츠를 만드느냐는 고민에 답이 tvN 드라마에 있었습니다. 그 이후 CJ E&M의 드라마 프로듀서가 되기 위해, 두 가지 역량을 키웠습니다. 첫 번째, 저에게는 프로그램을 보는 혜안이 있습니다. 블로그에 tvN 드라마를 지속해서 리뷰했습니다. 시청률 추이와 전개 양상, 드라마의 장, 단점을 분석하며 2시간이 걸려 리뷰를 했습니다. 그 결과, tvN 드라마 리뷰 글로 최대 방문자 수 5,000명이 방문해주었고 질 좋은 콘텐츠로 인정해주는 '오늘의 TOP에도 오를 수 있었습니다.  두 번째, 방송국 현장 경험이 있습니다. 프로듀서가 되고 싶다는 막연한 꿈에 그치지 않기 위해 휴학을 하고 JTBC에서 현장을 경험했습니다. 이 경험을 통해, 신뢰를 바탕으로 한 끈끈한 커뮤니케이션을 하는 법을 배웠습니다. 이 덕분에 특집 촬영 때 메인 FD이자 가장 나이가 어린 저의 지시를, 스태프들이 잘 들어줘서 무사히 촬영을 마칠 수 있었습니다.  시대의 요구는 시대의 과잉이 아닌 결핍과 일치합니다. 저는 CJ E&M의 드라마 프로듀서가 되어 content trend leader tvN의 DNA를 계속 이어나가면서도 사람들의 결핍을 채워줄 진지한 프로그램을 만들 것입니다.                        

tvN 드라마, 라이브의 개선점을 크게 '불편함'으로 정의할 수 있습니다. 첫 번째, 지극히 여성적인 시각에서 그려지고 있는 대사와 상황입니다. 1화에서 주인공 한정오는 군대 경험을 편협하고 쪼잔한 경험으로 치부하고, 여성들이 생리통으로 겪어야 내야 하는 인내심이 군대에서 키운 인내심보다 더 크다는 식으로 이야기합니다. 또한 성폭행 사건, 한정오가 토사물을 손으로 닦는 부분, 데이트 폭력 사건 등을 지속해서 보여줌으로써 여성은 피해자, 남성은 가해자라는  편향된 시각이 투영되어 있습니다. 드라마는 트렌드를 무시하면 안 됩니다. 미투 운동의 확산으로 남성과 여성의 벽이 생기고 있습니다. 남성과 여성은 서로 배척의 대상이 아니라 서로 함께 도우면서 살아가는 대상입니다. 남자, 여자의 시야가 아니고 남자 경찰, 여자 경찰의 시야가 아니며 한 경찰로서의 시야로 라이브를 전개해 나아가야 불편함은 줄어들 것입니다. 두 번째, 현실적인 경찰을 그려야겠다는 강박에서 오는 경찰 미화입니다. 몽둥이를 들고 있는 시위대에 일방적으로 당하는 경찰의 모습을 강조하고, 여기에 인간미를 주입하기 위한 염상수의 내레이션이나 잔잔한 음악을 삽입하고 있습니다. 이러한 경찰 미화가 억지스럽게 느껴집니다. 이와 관련하여 또한 문제인 것이 경찰을 미화하려고 노력했지만, 미화가 되지 않는 부분입니다. 불합리한 경찰 조직을 지속해서 보여주고, 이러한 조직에 들어온 주인공들은 경찰로서 어떠한 사명감이 있지 않습니다. 단순히 진급을 향한 야망을 보일 뿐 그들이 왜 경찰이 되려고 했는지 충분히 설명해주지 않습니다. 경찰이 되기 전 똑 부러지던 정오와 거칠지만, 의리가 있던 상수의 캐릭터적 특성은 경찰이 된 이후에 잘 보이지 않습니다. 주인공들에게 사명감, 그리고 그 사명감을 이루기 위한 노력과 좌절, 그리고 그 과정을 잘 보여줄 수 있는 캐릭터들의 특징을 더욱 명확하게 그릴 필요가 있습니다. 세 번째, 삐뚤어진 시선에서 오는 무거운 극의 분위기입니다. 라이브의 기획의도에는 ""주변에서 툭 튀어나온 듯 생생한 주변 인물 같은, 판타지가 사라진 주인공을 통해 평범의 가치를 말하는 드라마""라고 소개하고 있습니다. 하지만 남녀 주인공 모두 주변에서 볼 수 있는 평범한 사람이 아닙니다. 상수는 인턴으로 들어간 곳에서 주식 사기를 당하고, 친형은 헬조선에서 탈출하고자 호주로 워킹홀리데이를 떠납니다. 정호는 미혼모 어머니를 모시고 있고, 그 어머니는 공황장애를 앓고 있습니다. 캐릭터들을 둘러싸고 있는 환경 자체가 이미 삐뚤어져 있는 상태입니다. 주인공과 비슷한 나이 또래의 관점에서 드라마를 보고 있지만, 라이브의 극 분위기처럼 일상이 그렇게 어렵기만 하고 팍팍하기만 한 것은 아닙니다. 때로는 재미있는 일상처럼, 라이브에도 무거운 극 분위기를 반전시켜줄 재미 요소가 있으면 좋겠지만 상수라는 캐릭터가 가진 재미 외에는 잘 보이지 않습니다. 침체된 톤앤매너를 높이기 위해서는 한국 드라마의 장점이자 한계인 러브라인에서 벗어나 노희경 작가의 특색인 따뜻한 휴머니즘이 필요합니다. 
"
CJ E&M㈜,음악·음향,"
최근 음악은 '듣는 음악'이 아니라 '보는 음악'으로 변화하고 있습니다. 소비자들이 예전에는 라디오나 CD를 통해 노래의 가사말을 읊으며 노래를 들었다면 지금은 안무 영상, 라이브 영상 등 시각적인 자극에 더 크게 반응합니다. 노래에 스토리를 더하면 대중들에게 더 빠르게 각인되어 음원 차트에 이름을 올릴 수 있습니다. 이처럼 시각적인 요소가 차지하는 비중이 크게 늘어나고 음악 산업 콘텐츠들이 급속도로 발전하면서 음원 차트에 영향을 주는 요인은 무엇이라 단정 지을 수 없을 만큼 다양해지고 있습니다. 그중 가장 영향력 있는 요인은 위에서 언급한 '스토리'라고 생각합니다. 거대한 팬덤을 지니지 않은 경우에는 아무리 좋은 노래, 좋은 목소리를 가지고 있어도 특징이 없다면 금방 잊힙니다. '지금 당장 이별하고 온 것 같은 노래', '무대에서 7번 넘어져도 8번 일어나는 걸그룹' 등 곡이나 가수와 연관된 특별한 스토리는 음원 차트에 큰 영향을 미칩니다. 최근에는 '이별 후 지질한 남자의 모습'을 잘 표현한 윤종신의 '좋니'가 역주행을 하기도 했습니다. 이러한 트렌드를 주도하는 플랫폼은 단연 SNS라고 생각합니다. 저 또한 SNS를 켜면 음악 전문 페이지에서 게시한 영상이 첫 페이지에 올라옵니다. 주로 일반인의 노래 커버, 릴레이 안무 영상, ASMR, 길거리 버스킹 등 다양한 콘텐츠로 바이럴 마케팅이 진행됩니다. 이런 콘텐츠들은 사용자들에게 지속적으로 노출됨으로써 자연스러운 입소문을 타고 음악이 홍보되도록 유도합니다. 또, 예전보다 아티스트들의 SNS 활동이 활발해짐에 따라 이에 따른 홍보 효과를 기대할 수도 있습니다.요새는 하나의 음악을 간직하며 듣기보다는, 매일 다른 음악을 빠르게 소비하는 추세입니다. 소비의 주체는 유행에 민감한 10대~30대라고 생각합니다. 이들이 SNS를 가장 활발하게 사용하는 세대인 만큼 앞으로 SNS가 음원 시장에 미치는 영향이 더욱 커질 것이라고 생각합니다.  
"
㈜CJ ENM,영화·배급,"
""캐릭터 OSMU 가치와 라이센싱 사업에 대한 이해, 글로벌 라이센싱 사업 전문가를 향한 비전"" 저는 CJ ENM 애니메이션 사업부에서 라이센싱 사업 확대 전략에 기여하고 싶습니다. 특히, CJ ENM은 캐릭터 상품, 어린이 뮤지컬 그리고 웹드라마의 다양한 형태로 애니메이션 콘텐츠의 OSMU 사업을 확대하고, 적극적인 해외 시장 개척 활동으로 캐릭터 최초 유네스코 소녀 교육 캠페인의 홍보 대사로 선정되는 성과를 만들었습니다. 따라서 저는 캐릭터, 영화, 공연의 문화 기획 경험과 라이센싱 사업에 대한 이해를 바탕으로, CJ ENM 애니메이션의 글로벌 성장을 지원하겠습니다. 실제로, 저는 캐릭터 ‘뿌까’를 개발한 라이센싱 기업 ㈜OO의 인턴 활동으로, 캐릭터 콘텐츠의 OSMU 가치와 라이센싱 사업에 대한 이해를 넓힐 수 있었습니다. 일례로, 저는 농산물 유통 기업과의 콜라보레이션 프로젝트에 참여했습니다. 당시 고객사는 친근한 브랜드 이미지를 만들기 위한 캐릭터 개발과 온라인 커머스 사업의 캐릭터 활용기획을 의뢰하였고, 저는 캐릭터를 활용한 상품 페이지 기획 업무를 맡았습니다. 저는 먼저 온라인 커머스의 주 소비 계층과 온라인 유통 식품에 대한 불안감을 파악하였습니다. 그리고 상품 신뢰도를 높이는 농가, 농지 정보를 담기 위해, 브랜드 캐릭터가 자신의 이야기로 상품 정보를 소개하는 상품 페이지를 구성했습니다. 그 결과, 고객사와의 미팅을 통해 저의 기획은 실제 업무에 적용되었습니다. 그리고 저는 캐릭터의 OSMU 가치를 활용하는 라이센싱 사업을 이해하고, 캐릭터 콘텐츠를 활용한 기획 경험을 쌓을 수 있었습니다.  이를 바탕으로, 저는 입사 후 CJ 애니메이션의 글로벌 라이센싱 전문가의 비전을 키우겠습니다. 특히 키덜트 문화와 K-애니메이션 수요로 확대된 콘텐츠 시장, 게임과 3D 콘텐츠로 확장된 상품화 가치에 주목하겠습니다. 이를 통해, 세계 시장에서 꾸준히 시너지 기회를 발굴하여 K-콘텐츠의 글로벌 경쟁력을 키우는 콘텐츠 라이센싱 전문가로 성장하겠습니다. 

""`겨울 왕국`, 웰메이드 콘텐츠의 경쟁력"" 저는 꾸준히 사랑받는 애니메이션, ‘겨울 왕국’이 가장 인상 깊습니다. 그리고 영화 수익 약 1조 5천억, 관련 상품 약 1조 2천억 이상의 수익을 만든 겨울 왕국의 성공 요인은 캐릭터의 매력과 콘텐츠의 꾸준한 재생산이라고 생각합니다. 먼저, 공주의 틀을 깬 캐릭터가 전 연령대와 공감을 만들었습니다. 주체적인 행동으로 갈등을 해결해가는 엘사와 안나의 이야기는 어린아이뿐만 아니라 성인 관객까지 사로잡았습니다. 일례로, 저는 인턴활동 중 진행한 시장 조사에서 캐릭터 상품의 매출 상위권을 점령한 겨울 왕국 코스튬과 캐릭터 상품을 확인했고, 성인 팬 사이에서 10배 이상의 가격으로 거래되는 라이센스 상품의 인기도 확인할 수 있었습니다. 또한, 활발하게 제작된 캐릭터 상품과 2차 콘텐츠가 겨울왕국을 즐길 새로운 기회를 꾸준히 만들었습니다. 그 결과, 겨울 왕국은 최근까지 게임, 키즈폰, 테마 전시관으로 재생산되며 그 인기를 이어갔습니다. 

""소장 가치를 자극하는 캐릭터 상품, 캐릭터 상품 시장의 성장"" 저는 캐릭터 상품이 만드는 소장가치가 캐릭터 상품을 구매하는 이유라고 생각합니다. 캐릭터 상품은 차별화된 상품 가치를 만듭니다. 다양한 매체를 통해 캐릭터를 접하며 호감을 높인 소비자에게 캐릭터 상품은 일반 상품과는 다른 특별한 소장 욕구를 자극하기 때문입니다. 최근 성인이 되어서도 캐릭터를 선호하는 키덜트 문화가 자리 잡으면서, 캐릭터 시장은 다양한 고객 수요에 맞춘 상품 다각화로 확대 성장하고 있습니다. 실제로 저는 연이어 참여한 서울 캐릭터 라이센싱 페어에서, 캐릭터 오디오, 캐리어, 화장품 등으로 확대된 캐릭터 상품 영역과 성인 고객의 높은 관심을 현장에서 확인할 수 있었습니다. 따라서 저는 다각화된 수요와 함께 성장하는 캐릭터 시장에 꾸준히 주목하겠습니다. 그리고 캐릭터의 무한한 OSMU 가치를 활용하여, 캐릭터 소비자의 소장 욕구를 높이는 새로운 상품 기회를 찾는 캐릭터 라이센싱 사업자가 되겠습니다. 
"
